Français;Kabyle;Fréquence_Pourcentage;Niveau
être;blɣ / g / ili / tilit / tuɣa;15.0;1
Venir;ddu (-d) / as;5.0;1
dire;ini / nẓṛ;4.5;1
voir;annay / xzr / isidd / iẓiṛ / llm / matr / ṛaɛa / sksiw / sksu / suqql / ṣwḍ / wala / ẓṛ;4.0;1
homme;argaz / bnadm / uggid;0.7;1
jour;ass;0.7;1
vie;buḥbl / tudrt;0.6;1
eau;aman;0.5;1
monde;amaḍal;0.5;1
pays;tamurt;0.5;1
main;afus;0.4;1
pain;aɣrum;0.4;1
tête;agayyu / axsas / axcac / aqllal / aqrru / aqcac / aqyyuɛ / azllif / ixf / tacakka;0.4;1
bois;akccuḍ / asɣar / iflu;0.3;1
chat;amaccu / amucc / amcic;0.3;1
ciel;agnna / ajnna / ignna;0.3;1
cuir;ilm / tisrki;0.3;1
herbe;tuga;0.3;1
laine;taḍuft / taḍut;0.3;1
lune;ayyur / tiziri;0.3;1
mer;ill;0.3;1
pont;amzzgr / tilggʷit;0.3;1
route;abrid  / aɣaras;0.3;1
soie;amṭṭalfu / tawsayt;0.3;1
table;tadabut / taṭṭblat;0.3;1
usine;asakʷn;0.3;1
voie;asaka / taɣarast;0.3;1
anus;afli / asuḍ / aṣṛmum / azbbur / imi n uxna / tamunni / tiṭṭ n uxna;0.08;1
cou;ajṛniḍ / amggṛḍ / iri / mnjy / tamggṛḍt;0.08;1
dent;axs / tiɣmst / tuɣmst;0.08;1
doigt;aḍaḍ;0.08;1
dos;akrum / aɛrur / tadawt / taɛrurt / tiwa;0.08;1
foie;asagl / tasa / tacwit;0.08;1
genou;afud;0.08;1
jambe;aḍaṛ / amzzill / aẓumẓ;0.08;1
nerf;azllum / usur / taɣuṣmt;0.08;1
nez;axmmuy / anzarn / inxar / tinzar;0.08;1
os;aqrbabbu / iɣss;0.08;1
ovule;taglayuct / tamllaluct;0.08;1
peau;abṭṭan / aɣrus / aslix / acbab / ilm / tamlixt;0.08;1
rate;inṛfḍ / anguf;0.08;1
rein;tigẓẓlt;0.08;1
sang;idammn;0.08;1
sein;abbic / iff / tabbuct / tabzzult / tasumumt / tibbit;0.08;1
utérus;arɣn / asirw;0.08;1
vagin;abccun / adhkan / aḥtcun / bcci;0.08;1
voix;agṛḍ / aḥrsi / inẓi / taqqayt / tamijja;0.08;1
bol;agra / tagra / tazlaft / taẓḍuḍa / taẓwayt / timkilt;0.005;1
bras;arbi / iɣil;0.005;1
facteur;bu tbratin;0.005;1
foin;axcliɛ;0.005;1
fond;abuḍ / abraw / allaɣ / izdar;0.005;1
hyène;aridal / ifis / mccɣyul / tazuri / tuɛra / tursla;0.005;1
hôtel;asnsu;0.005;1
jeune;aḥudri / amẓẓyan / imẓiy / aẓummi / uẓum;0.005;1
jurer;ggall;0.005;1
lait;akʷfay / aɣɣu;0.005;1
mai;mayyu;0.005;1
melon;abttix / lmnun;0.005;1
nuque;aqlqul / ḥngi / tagrninna / taḥdjamt / taqnctlla / tiwa;0.005;1
rue;tasukt;0.005;1
tige;taṣṭṭa;0.005;1
tisser;gr aẓṭṭa / drrz / ẓḍ;0.005;1
unité;afrdis / tagzzumt;0.005;1
veuf;adgal;0.005;1
Abattoirs communaux;isɣras imgrutn;0.001;1
Adapter;ksi (- sg);0.001;1
Bassin d'audience;;0.001;1
Bien que cette décision ne m'arrange pas, je n'y peux rien;;0.001;1
Bilitère;bu sin iskkiln;0.001;1
Biodiversité;amyanaw n imaddarn;0.001;1
Bloc;bluk;0.001;1
Boîte à idées;tafniqt n tsumar;0.001;1
Bâtonnier;amzwar n imstann / amɣar n imstann;0.001;1
Campus universitaire;;0.001;1
Casier judicaire;alug azrfan;0.001;1
Centre de prévision météorologique;ammas n usnimal n unzwi;0.001;1
Dieu;akuc / bab n ignwan / bu itran / ṛbbi;0.001;1
Douze;sin d mraw;0.001;1
Décentralisé;ur innummsn;0.001;1
Délégation provinciale;tamurayt tasgawant / tasmirit tasgawant;0.001;1
Délégation régionale;tamurayt tanmnaḍt / tasmirit tanmnaḍt;0.001;1
Dépôt communal;tisgit tamgrut;0.001;1
Dériver (tr.);ssufɣ (-sg);0.001;1
Edition (informations);inɣmisn;0.001;1
Electroencéphalogramme;unuɣ uẓṛiṛ n wanlli;0.001;1
En détail (vente), En détail;s tgzamt;0.001;1
Energie renouvelable;taẓḍaṛt ittusmaynun;0.001;1
Fais ce que veut ton père;skr ɣiklli ira babak;0.001;1
Fait;imggi / imjṛi;0.001;1
Flash d'information;;0.001;1
Groupe de recherche;tarabbut n urzzu;0.001;1
Habous;lḥubus;0.001;1
Heure;asrag / tassaɛt;0.001;1
Homme d'affaire;;0.001;1
Idéalisé;s tfilawt;0.001;1
Il a mangé plusieurs oranges;icca mnct talitcinin;0.001;1
Il a neigé;iwta udfl;0.001;1
Il fait chaud;iḥma lḥal / irɣa lḥal;0.001;1
Il fait frais;izuzwa lḥal;0.001;1
Il fait jour;ifaw lḥal / iffu lḥal;0.001;1
Il fait lourd;ibdd lḥal / iqqn lḥal / iɣuf lḥal;0.001;1
Il fait nuit;ḍṛnt tillas;0.001;1
Il n'est même pas allé voir sa mère;;0.001;1
Il pleut des cordes;usin waman aman;0.001;1
Il sortira demain;ad iffɣ tiwcca;0.001;1
"Il vente ; le vent souffle";ar ittṣuḍ waḍu;0.001;1
Il y a une embellie;iffɣ d lḥal;0.001;1
Ils sont entrés en une seule fois;kcmn d g yat tmnida;0.001;1
Image poétique, Figure de style;tawlaft timzlit;0.001;1
Islam;lislam;0.001;1
Kimono;akimunu;0.001;1
L'avalanche s'est déclenchée.;;0.001;1
L'obscurité règne;;0.001;1
La foudre a éclaté;tṭṭiqs tgnut;0.001;1
La foudre a éclaté.;iṭṭuqqẓ waggag;0.001;1
La lune s'est levée.;;0.001;1
La pleine lune est apparue.;tssigg d tziri;0.001;1
La période chaude a commencé.;kcmnt ṣṣmaym / udfnt ṣṣmaym;0.001;1
La période chaude est terminée.;ffɣnt ṣṣmaym;0.001;1
La période froide de l'année est terminée.;;0.001;1
Langue maternelle;tutlayt taymmat;0.001;1
Le froid s'est installé;;0.001;1
Le soleil donne dans …;tgr tafukt g ...;0.001;1
Le soleil s'est couché.;;0.001;1
Le tonnerre gronde;la tsawal tgnut;0.001;1
"Le tonnerre gronde ; il tonne.";inhm waggag;0.001;1
Marché de gros;agadaz s tugt;0.001;1
Maroquinerie;iyafutn n yilm;0.001;1
Marque collective;tamatart tamgrawt;0.001;1
Médiathèque;tasdlist tasliẓiṛt;0.001;1
Nations Unies;timtta imunn;0.001;1
Noix;taddujt / dduj / taɣyayt;0.001;1
Non commercial;war awttas asɣnzi;0.001;1
Oasis;taɣla / taẓnigt;0.001;1
Ordonnancement;;0.001;1
Ordre judiciaire;anaḍ azrfan;0.001;1
Organisation Mondiale de la Santé (OMS);tamaddast tamaḍlant n tdusi;0.001;1
Organisation Non Gouvernementale (ONG);tamaddast ur iḍfaṛn tanbaḍt;0.001;1
Orphelinat;taddart n igujiln / tasgujilt;0.001;1
Pan système;;0.001;1
Parties du discours;ifrdas n wawal;0.001;1
Quadrilitère;bu kkuẓ iskkiln;0.001;1
Quarante;sin wagnarn;0.001;1
Rif;rrif;0.001;1
Réaliser;ssufɣ (-d) / ssḍṛu;0.001;1
Régie de recettes;tasḥḍawt n tnudaf;0.001;1
Réingénierie;allas n utwal;0.001;1
Réintegration;allas n uskcm;0.001;1
Répartition par niveaux;taṭṭut s uswir;0.001;1
Santé reproductive;tadusi tamarrawt;0.001;1
Santé sexuelle;tadusi tawsyant;0.001;1
Secrétaire d'Etat;;0.001;1
Secrétariat général;tanflust tamatayt;0.001;1
Sida;ssida;0.001;1
Soja;ṣṣuja;0.001;1
Tente;axam / taxamt / agiṭun / axzan / aqiḍun;0.001;1
Télé;;0.001;1
Utilité publique;tanafut tagdudant;0.001;1
Vendeur  de vêtements;imzznz n tmlsa;0.001;1
Visa;tuẓṛit;0.001;1
Wakf (donation faite à perpétuité par un particulier à une œuvre d’utilité publique;lwaqf;0.001;1
Wali;lwali;0.001;1
abandon scolaire;tifli tanmlant;0.001;1
abjuration, apostasie;ufuɣ sg usgd;0.001;1
abrasion dentaire;anḥad n tɣmas;0.001;1
abri;asnfi;0.001;1
abus;asugt;0.001;2
accessoires de bain;iqcucn n tarda;0.001;2
accompagnement;tamunt / tamunt akd;0.001;2
accompli négatif;usmid anabaw;0.001;2
accouchement par césarienne;;0.001;2
accouchement prématuré;tarwa ur ismdn;0.001;2
accès de fièvre;alay n tmssi / aɣlay n tawla / aɣlay n trɣi;0.001;2
accès privé;asadf uslig;0.001;2
accès public;asadf agdudan;0.001;2
acné juvénile;;0.001;2
acte;alkaɣiṭ;0.001;2
acte d'état civil;;0.001;2
acte de naissance;arra n tlalit;0.001;2
action publique;aṣṛaḍ agdudan;0.001;2
administration centrale;tamssugurt tanammast;0.001;2
administration pénitentiaire;tamssugurt n iɣzwan;0.001;2
administration territoriale;tamssugurt n wakal;0.001;2
adresse postale;ansa asaway;0.001;2
adresse électronique;ansa alikṭṛuni;0.001;2
agence judiciaire;tasnurayt tazrfant;0.001;2
agent de la circulation;amawas n usikl;0.001;2
agonie;amuɣɣuy / izuma n tmttant;0.001;2
aide;aggʷas / amawas / awwas / tibidda / tiwisi;0.001;2
aider, épauler, assister;bdd akd;0.001;2
ail;tiskrt;0.001;2
aile;afr / afraw / tafrt;0.001;2
aine;asmɣur / awlal / taba / amnzu / ixfddi;0.001;2
air;aḍu;0.001;2
air antarctique;aḍu n usanuḍ n iffus;0.001;2
air continental;aḍu amnẓaw;0.001;2
air instable;aḍu ur izgin;0.001;2
air polaire;aḍu amsnuḍ;0.001;2
air pur;aḍu izddign;0.001;2
air sec;aḍu izwan / aḍu yuzɣn;0.001;2
air stable;aḍu iṛṣan;0.001;2
air tropical;aḍu amnanaḍ;0.001;2
air équatorial;aḍu n ukwatur;0.001;2
aire;asurg;0.001;2
aire cérébrale;tamnaḍt n wallxf / tamnaḍt n wanlli;0.001;2
aire sensitive;tamnaḍt n takayt;0.001;2
aire visuelle;tamnaḍt n yiẓṛi;0.001;2
aisselle;ddaw n tayt / tabqt / taddɣt / taydt;0.001;2
ajournement;asgir n tizi;0.001;2
alcoolique (matière);n walkul;0.001;2
alfa;ari / awddim / awri / tagrzi / tamatrt / tigẓḍmt;0.001;2
alun;aẓaṛif;0.001;2
amas;agudi / aqzzuy;0.001;2
amen;amin;0.001;2
amer;amṛẓag / ḥṛṛu;0.001;2
ami;amddakkʷl / amidi;0.001;2
ange;anglus;0.001;2
anis;wamsa;0.001;2
anse;afus / akaram / asagl;0.001;2
apex;afa / ticcut;0.001;2
arc;tiskt;0.001;2
ardu;mray;0.001;2
arme;akrrad;0.001;2
armer;skrrd;0.001;2
art;taẓuṛi;0.001;2
aube;tambabst / taylgi / tifawt / tufat;0.001;2
auge;asds;0.001;2
aval;amadl n uɣzar / amzdar;0.001;2
avec;ag(d) / akd / d;0.001;2
avis;aɛlam / tusmirt;0.001;2
axe;akum / asgum / tamrnut / tigzwt;0.001;2
bactériophage;mcc baktiri;0.001;2
baie;aqqa / aslallu;0.001;2
bail;arra n uɣafir;0.001;2
bain;tuccft;0.001;2
ballonnement;;0.001;2
banc des accusés;tadabut n imrdayn;0.001;2
bande annonce;asfif n tusmirt;0.001;2
bande côtière;asddi anslim;0.001;2
bande de fréquence;tamzazt n isnagarn;0.001;2
bande dunaire;asddi igidi;0.001;2
banque d'informations;;0.001;2
banque de sang;lbank n idammn;0.001;2
barrage collinaire;uggug n wawrir;0.001;2
barreau;agraw n imstann;0.001;2
barrière de confinement;;0.001;2
barrière à neige;iziki n udfl;0.001;2
barrières douanières;ifragn idiwann;0.001;2
barème de notation;amsɣal n usnqḍ;0.001;2
bas;adda / amazdar / anadda / izdar / wadday;0.001;2
bas de page;anadda n tsna;0.001;2
base;abuḍ / tasila / tasslt;0.001;2
base de connaissances;tasila n tussniwin;0.001;2
base de données;tasila n isfka / tasila n tmuca;0.001;2
basket-ball;tacamma n tsknit / tawjja n tsknit;0.001;2
baskets, espadrille;iburksn n tunnunt;0.001;2
basse plateau;taẓuḍa tamazdart;0.001;2
basses montagnes;idurar imazdarn;0.001;2
bassins d’audience;imdwan n ussfld;0.001;2
battement du cœur;;0.001;2
bave;aldda / amrmur / irɣzazn / tifulaẓ / tiluffaẓ;0.001;2
beau;abajju / afalkay / aɛḍṛawi / amusɣ / amɣuda / aṣbḥan / imiẓil / uṣbiḥ / sskn / cwu;0.001;2
bec;aqaddus / aqnqab / aqnqub / aɣnbuz;0.001;2
biceps;igigil / tabuɛjijt / tabuɛjijt n ufus / tabujjut / tigigilt n ufus / tigltmt;0.001;2
bien profiter;ut afus;0.001;2
biens communaux;agla amgru;0.001;2
biens confisqués;ayda ittyamaẓn;0.001;2
bilan d'étape;;0.001;2
bile;taruɣi / tawrɣi;0.001;2
bise;amḥḥac;0.001;2
bière;aman n tmẓin;0.001;2
blet;ruba;0.001;2
bleu;anili / acḥmi / azgza / inil / ukẓi;0.001;2
bloc opératoire;tadala n uflay;0.001;2
blé;irdn;0.001;2
bon;aɛḍṛawi / aqaddad / amaluɣ / aṣbḥan / imiḍfit / imiẓil / imṛwi / uṣbiḥ / ɣudu;0.001;2
bond;tabaṭct / taduyt / tiddzt;0.001;2
bord;agddim / amriru  / ibnk / idis / ir / tama / tasga;0.001;2
bouc;abukir / abṛṛiḍ / aɛrban / aqtrib  / amyan / ankkur / anugu / ikṛṛbḍ / iqbi;0.001;2
boue;abaḍxax / abiṭuṣ / abllaɛ / abluẓ / ablyuḍ / abrxix / allaɣ / aluḍ / amilus / aṛẓiẓ / llatux;0.001;2
bout;ixf / ttmi;0.001;2
boîte crânienne;taɣcact n yixf;0.001;2
boîte de peinture;tankult n iɣman;0.001;2
brin;tirzit;0.001;2
bru;taslit / tislit;0.001;2
brun;abaraɣ / admman / adndani / urɣis;0.001;2
brut;amsari;0.001;2
bus;ansmaddu;0.001;2
but;awttas;0.001;2
bât;aḥlas / tabarda;0.001;2
bâtonnier;amzwar n imstann / amɣar n imstann;0.001;2
bénéfice du doute;arraz n usurdu;0.001;2
bénéficiaire d'une aide collective;;0.001;2
béton armé;abɣli idusn;0.001;2
c'est lui qui est parti et non son frère;;0.001;2
c'est qu'il veut partir;;0.001;2
cabinet dentaire;tazzrayt taɣmsant;0.001;2
cadastre;asɣal afrkan;0.001;2
cadre légal;asati ulgin;0.001;2
cage;aqqfiz / iskni;0.001;2
cage thoracique;iskni n idmarn;0.001;2
cahier des charges;alug n waggʷatn;0.001;2
caisse de compensation;tafniqt n warraz;0.001;2
calcul biliaire;aẓṛu n yiẓi;0.001;2
calcul cystique;aẓṛu n tnbult;0.001;2
cale;abṛa / allal / asnks / tallzazt;0.001;2
camp;azazzr / tamrsiwt;0.001;2
campagne de presse;amzizzl anɣmas;0.001;2
campagne de publicité;amzizzl n usussn;0.001;2
campagne électorale;amzizzl amstay;0.001;2
caméraman;bu lkamiṛa;0.001;2
canal biliaire;asaru n yiẓi;0.001;2
cancer du poumon;;0.001;2
cancer du sein;akanṣiṛ n yiff;0.001;2
cancéreux;n ukanṣiṛ;0.001;2
cap;iɣir n yill;0.001;2
capacité d'intensification;;0.001;2
capillaires artériels;tazbalin n idammn / tinẓaḍin n idammn;0.001;2
capsule articulaire;taytrt n twrmt;0.001;2
car;ani  / acku / minzi;0.001;2
caractère gras;askkil azurar;0.001;2
caractère officiel;adriz amaddud;0.001;2
cardia;imi n uxdil;0.001;2
cardiologie;tasnijjit n wul;0.001;2
cardiologue;aḍbib n wul;0.001;2
carnet de santé;alug n tdusi;0.001;2
carrière (parcours professionnel);tudrt tazzulant;0.001;2
carte audio;takaṛḍa n imsli;0.001;2
carte climatique;takaṛḍa n ungigt;0.001;2
carte d'identité;;0.001;2
carte de séjour;takaṛḍa n uzdduɣ;0.001;2
carte de travail;takaṛḍa n twuri;0.001;2
carte grise;turagt n thirit;0.001;2
carte topographique;takaṛḍa taṭubugraft;0.001;3
cas;amdya / awanyan;0.001;3
cas primaire;;0.001;3
case;taxḍṛt / tuzunt;0.001;3
ce;a(d) / ddɣ;0.001;3
ce garçon (en question);arba lli;0.001;3
ce jour-là;ass ann;0.001;3
ceci;aya / ayddx / ddɣ;0.001;3
ceinture de sécurité;abkkas n tnfrut;0.001;3
cela;aya;0.001;3
cellule musculaire;taɣrast tanksumt;0.001;3
cent;timiḍi;0.001;3
cerf;azɣar;0.001;3
certificat d'enseignement primaire;;0.001;3
certificat du cycle collégial;aslkin n imir asmattag;0.001;3
certificat médical;aslkin amsnijji;0.001;3
ces;a(d) / ddɣ;0.001;3
cession de dette;amutti n umrwas;0.001;3
cet;a(d) / ddɣ;0.001;3
chef;amqran / amɣar / anssixf / aslway / ṛṛays;0.001;3
chez;dar / ɣr;0.001;3
choc;anakab;0.001;3
chou;abrzmmu;0.001;3
cil;abl / acbab / aẓalu;0.001;3
cime;aẓaylal / takyuḍt / taqiccit;0.001;3
cinq;smmus;0.001;3
cire;adqqis / adus / tikira;0.001;3
clan;afus;0.001;3
clou;amṣmaṛ / inflz;0.001;3
club;asgraw;0.001;3
clé;tasarut;0.001;3
code;aslgn / inigl;0.001;3
coin;;0.001;3
col;agṛḍ / tamggṛḍt / tizi;0.001;3
coma;tuktrt;0.001;3
coq;afullus / amujjuḍ / ayaẓiḍ;0.001;3
coup;tayti / tikti / tiyti;0.001;3
cour;amsiddar / aṛḥbi / asarag  / asays / tasnbḍayt;0.001;3
cri;aḍṛṛɛ / aḍṛwi / aɣuyyu / aɣwat / azzbrz / taɣuyyit;0.001;3
croc;aqrruc / tigiwlt;0.001;3
crue;angay / takaḍt / tawayt;0.001;3
cuve;abuqal;0.001;3
câble de répartition;izilm n taṭṭut;0.001;3
cérémonie donnée la veille de la nuit de noces;amkli n tmɣra;0.001;3
chambre;aḥanu / axxam;0.001;3
dalle;ablaḍ / islli / tablaḍt / tifirt;0.001;3
dame;lalla;0.001;3
dans;g / dg / jaj;0.001;3
dans deux ans;naf imal;0.001;3
dans une huitaine;imal ɣass;0.001;3
danse;adraz / aṛkaḍ / asyys;0.001;3
dard;tasuqqst / tasɣast / taẓnḍiḍt / tikft / tiqqst;0.001;3
date;asakud;0.001;3
dater;ssakud;0.001;3
de;n;0.001;3
de la tribu d'Ayt Warayn;;0.001;3
degré d'inclinaison;;0.001;3
degré d'inclinaison;;0.001;3
degré de température;tafsna n tmssi / tafsna n trɣi;0.001;3
delta;asawi / dilta;0.001;3
deltoïde;taksumt tadiltat;0.001;3
demande d’autorisation, demande de licence;tutra n turagt;0.001;3
demandeur d'asile;;0.001;3
deniers publics;tafniqt tagdudant;0.001;3
densité de l'air;;0.001;3
densité de l'air;;0.001;3
dent de sagesse;amɛqql / igyiw / tiɣmst n lɛql;0.001;3
dentine (ivoire);uẓṛ n tɣmst;0.001;3
dermatologie;tasnijjit n yilm;0.001;3
dermatologue;aḍbib n yilm;0.001;3
dermatose;tamaḍunt n yilm;0.001;3
dette;amrwas / tanmmirust;0.001;3
deux;sin;0.001;3
devin;agzzan / akhhan;0.001;3
digue;asggaru / uggug;0.001;3
dires;timnna;0.001;3
djinn;azɣuɣ;0.001;3
don;tikki;0.001;3
donc;ilmma;0.001;3
dons;timuca;0.001;3
doré;awrɣi;0.001;3
dose;tujawt;0.001;3
dot;abṛnuṣ / amrwas / taggalt;0.001;3
doute;amija / anzzul / asurdu / ackki / tazakkt / turda;0.001;3
doux;amlwaɣ / anslulf  / imiḍfit / umzi;0.001;3
drap;amiẓaṛ / liẓaṛ;0.001;3
droit;afasi / afusi / akil / amaɣud / azrf / izrf / nuya;0.001;3
dune;afund / aẓalul / tigidit;0.001;3
duper;qddc / ɣcm / ssknd;0.001;3
dur;mray / ṭnṭn;0.001;3
durer;ɣlla / sul / zga;0.001;3
décharge;asrus n tmstggart / ugu;0.001;3
déchaussement de la gencive;uzuf n uxsan / uzuf n tɣmas;0.001;3
déchéance de la nationalité;ukus n tɣlant;0.001;3
décision du conseil;taɣtast n usqqim;0.001;3
déclaration de presse;tasguri tanɣmast;0.001;3
déconnexion;ubuy n uzday;0.001;3
découpage administratif;agzam amssugur;0.001;3
découpage analytique;agzam asfsay;0.001;3
découpage technique;agzam atiqni;0.001;3
découpage électoral;agzam amstay;0.001;3
défense nationale;amzaɣ anamur;0.001;3
déferlement d'informations;;0.001;3
défi;amɛali / tanẓṛt;0.001;3
défunt;amttin / igllin n (-ism n umttin);0.001;3
dégrever;ssifsus argay;0.001;3
dégrèvement d'impôt;;0.001;3
délégation journalistique;akabaṛ n inɣmasn;0.001;3
délégation provinciale;tamurayt tasgawant / tasmirit tasgawant;0.001;3
délégation régionale;tamurayt tanmnaḍt / tasmirit tanmnaḍt;0.001;3
démission;ufuɣ zi twuri / tittiyt;0.001;3
déni de justice;tagʷit n tzrft;0.001;3
dépistage;alday n iɣnca / alday n tmaḍunt;0.001;3
déplacement de la mâchoire;tikni n wagja;0.001;3
dépression aérienne;uguz n waḍu;0.001;3
dépôt légal;asrus ulgin;0.001;3
dérivé (être -);ffɣ zg;0.001;3
dîme;azni;0.001;3
dôme;lqubbt;0.001;3
eau de fleur d'oranger;;0.001;3
eau de pluie;;0.001;3
eau de rose;aman n tzwiwɣt;0.001;3
effet;tusurt;0.001;3
effet rétroactif;tusurt timdwlt;0.001;3
effets secondaires;tusurin tisinanin;0.001;3
elle;nttat;0.001;3
elle est enceinte;tlla s udis;0.001;3
elles;nitnti;0.001;3
emblème;tamatart n uburz;0.001;3
emblème du royaume;tamatart n uburz n tgldit;0.001;3
empan;tardast;0.001;3
en cachette;s turksa;0.001;3
en ce temps-là, alors, à ce moment-là;akud ann;0.001;3
en cours d'acquisition;;0.001;3
en différé;war asrad;0.001;3
en vigueur;g uzzgir;0.001;3
enceinte (être-);tla aḥlig;0.001;3
encore;daɣ / dix / dix altu / ɛad / sul;0.001;3
endocrinologie;tasnijjit n twlsas;0.001;3
endocrinologue;aḍbib n twlsas;0.001;3
endomètre;idis  n usirw / idis n urɣn;0.001;3
enfant légitime;arba uzrif;0.001;3
enfer;jahnnama;0.001;3
enjeu;amsaras / amsḥṛam;0.001;3
ennui;aɣuruf / tazrrawt;0.001;3
enregistreur de CD;amsusr n tqaṛiḍin tuddizin;0.001;3
enseignement traditionnel;aslmd aqbur;0.001;3
ensuite;aha / daɣ / fad ilmma / ilmma / imil / iwa;0.001;3
entité juridique;ili ulgin;0.001;3
entre;gr / ingr / ngr;0.001;3
entérobactérie;tabaktirit n wadan;0.001;3
entête;ixf n tsna / aqmcac / amɣnan;0.001;3
entêtement;aknas / amɛali / amɣanan / aɣnan / iɣnan / taɣart n yixf / taɣnnant;0.001;3
envie;imzri;0.001;3
envoi;askki / asqadi / asifḍ / azan;0.001;3
envol;afay / taylalt;0.001;3
ergot;ajkjḍ / tacrmuft;0.001;3
errer;ḍiw / jlu / lglg / lli / llillḥ / nuda / ɣaɣa / sgzdf / ttlli;0.001;3
essai;irim / tarmit;0.001;3
esse;asagl;0.001;3
est;lqblt;0.001;3
et;d;0.001;3
etc.);amitr / asmuḍ / ffurs / ffrsl;0.001;3
eux;nitni;0.001;3
exigu;qmr / sḥnnq;0.001;3
exil;aḍlib / asiggʷj / azwag / icki;0.001;3
face;aẓi / udm / taẓamumt;0.001;3
facteur d'érosion;;0.001;4
facteur externe;amskar n bṛṛa;0.001;4
facteur interne;amskar  agʷnsan;0.001;4
fade;abasal / amqqnzez / amssas / ulmis / ssmsus;0.001;4
faim;buhyyuf / laẓ;0.001;4
faire attention;awi bɛit / kamd / ḥkkr / rar taɣḍft / rar taynit;0.001;4
faire attention, prendre soin de, ménager;ḥawl xf;0.001;4
faire des efforts;g nn tuggas / kuyey;0.001;4
fait;imggi / imjṛi;0.001;4
fait d'ouvrir extrêmement les yeux;;0.001;4
fait divers;imjṛi awassan;0.001;4
falaise fracturée;agnza iṛẓan;0.001;4
faon;uhim / uzim;0.001;4
fatigue musculaire;awḥal anksum;0.001;4
faux;armidi;0.001;4
fax;afakṣ;0.001;4
femme d'affaires;;0.001;4
fer;uzzal;0.001;4
fer);tazrgt;0.001;4
fermeture de frontière;argal n igmirn;0.001;4
fesse;aḍnfif / amsl / tazukt;0.001;4
feu;afa / aẓiẓn / lɛafit / takat / timssi;0.001;4
feu);nṭmṣ;0.001;4
feux de signalisation;asidd n usikl;0.001;4
fibre nerveuse;talzazt tanzlumt;0.001;4
figue sèche;tazart yuzɣn;0.001;4
fil;afilu / afulu / aɛccib / ifilu;0.001;4
fil horizontal (trame);afilu n usra;0.001;4
file;absrur / adras / asrrabu;0.001;4
filière des études;asaka n tɣuri;0.001;4
fille d'Ali;;0.001;4
film;lfilm;0.001;4
film d'archives;;0.001;4
film de divertissement;lfilm amsurar;0.001;4
film documentaire;lfilm untim;0.001;4
film expérimental;lfilm anaram;0.001;4
film muet;lfilm ifstn;0.001;4
film éducatif;lfilm asgman;0.001;4
fils;memmi;0.001;4
fils de Brahim;u bṛahim;0.001;4
fin;amnɣud / aslkakaḍ / asmur / azbabay / isdid / izbub / tasbddt / tigira;0.001;4
fin de détachement;asmur n unufsl;0.001;4
finalement, il n’a pas acheté la maison;ur sul isɣi tigmmi;0.001;4
fini;kmml;0.001;4
fixation du regard;anḍaṛ n tiṭṭawin;0.001;4
fixer;sikl / snal / sunnḍ / ssṛṣu / sttɣi / zzgu;0.001;4
fixer un rendez-vous;wwt taktut;0.001;4
fièvre de fatigue;tawla n uwḥal / tawla n ṛṛmuyt;0.001;4
fièvre rhumatismale;tawla n urumatizm / timssi n urumatizm;0.001;4
fièvre tertiaire;tawla tamkṛaḍt / timssi tamkṛaḍt;0.001;4
fleuve glaciaire;asif ugris;0.001;4
fleuve large;amɣar n isaffn / aɣzr abaraw;0.001;4
fleuve tournant;asif iṛẓan;0.001;4
flore endémique;imɣayn imsdɣarn;0.001;4
flou;amaggu;0.001;4
foi;taflst;0.001;4
fois;mullu / tikklt;0.001;4
folivore;;0.001;4
fonction opérationnelle;tasɣnt tumhilt;0.001;4
fonction pédagogique;tasɣnt tabidagujit;0.001;4
force;aggaḍ / afud / amnna / immir / taggalt / tadusi / tiɣṛaḍ;0.001;4
fort;amaka / amḍẓun / anddabu;0.001;4
forum;asgraw;0.001;4
fou;abuhali / aḥibur / aḥyuḍ / amxlaw / aminun / amṣuḍ / amtabri / anafal / ḥḥuyḍ / ḥuyḍ;0.001;4
four;afarnu / afṛṛan;0.001;4
foyer;axam / almssi / isfrg / tafqqunt / takat / tiɣrɣrt;0.001;4
froid;akram / aqraf / aṣmmiḍ / aẓṛṭiṭ / uqrif / taṣmḍi / taṣmuḍi;0.001;4
fuir;rwl;0.001;4
fémur;aɛjjammu / iɣss n taɣma;0.001;4
fête du trône;tamɣra n udabu;0.001;4
fête inaugurale du mariage;uffuy n tmɣra;0.001;4
gage;tadggart ittyamaẓn;0.001;4
gai;anfṛaṛaḥ;0.001;4
gain;abɣur;0.001;4
gale;ajjiḍ / ajjiḍ amkṛuḍ / ajṭṭiḍ / aldjiḍ;0.001;4
galet;aggun / akẓaẓ / awwun / urf / tidit / tiflt;0.001;4
galop;tarula;0.001;4
gant;almfus;0.001;4
gant de toilette;almfus n tarda;0.001;4
garde;aḍaf / aḥṭṭu / amagaẓ / anmutr / tiḥḍi;0.001;4
garde à vue;;0.001;4
gare (train);asrs n ulaway;0.001;4
garou;alẓẓaẓ;0.001;4
gaule;anzl / aṣllab;0.001;4
gaz;agaz;0.001;4
gaz carbonique;agaz akaṛbun;0.001;4
gaz d'ozone;;0.001;4
gaz naturel;agaz agaman;0.001;4
gaz toxique;agaz iẓini;0.001;4
gazométrie;tamsɣalt n ugaz;0.001;4
gecko;tiqlit;0.001;4
gel;agris;0.001;4
geler;gussm / grs / rsl;0.001;4
gencive;aksum n tɣmas / tamra / taniwt / tifiyi n uxsan;0.001;4
genre;anaw / asrtu / tasrtut / tawsit;0.001;4
gens;iwdan / middn;0.001;4
gerbe;acmin / acttug / idɣ / tadla / tadɣa / taflluyt / taqttunt / taɣwwint / tackkʷit  / tirrit / tirrct;0.001;4
gestion des déchets;aswuddu n warras;0.001;4
gifle;abariq / abqqil / abrqiɛ / aḍmmil / aḍmmiṣ / amddil / amxriq / amrriq / asqqil / aṣffiḥ / aṣlbiḍ / urdiḥ / tasggirt;0.001;4
gigot;aḍaṛ / tilizza;0.001;4
gilet;tabdɛit / tabzizt / tasdirt / taccayt;0.001;4
gingivite;abzag n tfiyi n uxsan / abzag n tmra / admj / tufft n uksum n tɣmas;0.001;4
giron;agiwal / agusi / aḍṛan / aḥsi / aḥciwc / arbi / acyun / ikcci / isi;0.001;4
glande endoctrine;tawlsist ifstn;0.001;4
glande exocrine;tawlsist tamsufɣt;0.001;4
glande lymphatique;tawlsist talmfat;0.001;4
glande thyroïdienne;tawlsist tafṛṭeṭṭut;0.001;4
glissement de terrain;aḥluttf n wakal;0.001;4
globe solaire;tiṭṭ n tafukt;0.001;4
globule blanc (leucocytes);taknunnayt tumlilt;0.001;4
globule rouge;taknunnayt tazggʷaɣt;0.001;4
glossite;abzag n yils / tufft n yils;0.001;4
glue;aslɣaɣ;0.001;4
golf;aslallu / aẓla;0.001;4
gomme;taɣnɣant / tasffaḍt / mḥu;0.001;4
gond;awrz;0.001;4
gorge;abuḥcic / agṛḍ / aḥrsi / aqrjuḍ / iri / taqqayt / tamijja / taɣya;0.001;4
gourmand;amacciw / bu tmimin;0.001;4
gousse d'ail;;0.001;4
goutte de pluie;timqqit n unẓaṛ;0.001;4
gradient thermique;amskʷfl n trɣi;0.001;4
grain;akka / aḥbbi / aḥbub / aqqa / iḥbbi / taɛqqayt / taqqayt;0.001;4
grand;akswat / axatar / aqrdal / amqran / aɣzzaf;0.001;4
grand angle, grand coin;tiɣmrt tamqrant;0.001;4
grand cordon;allam amqran;0.001;4
granivore;mcc mndi;0.001;4
gras;aḍbbuẓ / amdlallag / amnssl / imqwi;0.001;4
graveur de CD;amgzay n tqaṛiḍin tuddizin;0.001;4
greenwich;azrig n grinitc;0.001;4
gril;asknf / tuknift;0.001;4
grippe aviaire;adxcam n waylaln;0.001;4
gris;abẓaw / adrdac / amɣdeddi / azazar;0.001;4
gros;abarar / adbbi / aḍbbuẓ / aqbbuz / amqqnjr / atmran / aṭṭbbuẓ / azntar / azurar / ḍni / uḍnay / ssḍni;0.001;4
gros orteil;tafdnt tamqrant;0.001;4
gros plan;asulf asmssi;0.001;4
grotte marine;ifri n yill;0.001;4
groupe audiovisuel;tagrumma tasliẓiṛt;0.001;4
groupe média;tagrumma tanɣmast;0.001;4
groupe sanguin;;0.001;4
groupe scolaire;tagrart tanmlant;0.001;4
grâce royale;asurf agldan;0.001;4
grès;ifrsggi;0.001;4
guet;anbdur;0.001;4
guide;amanar;0.001;4
guts;taḍwwaṛt;0.001;4
gué;asakʷi;0.001;4
gymnastique;tunnunt n umiẓḍ;0.001;4
gynécologie;tasnijjit n twtmin;0.001;4
gynécologue;aḍbib n twtmin;0.001;4
géosphère;asatl n wakal;0.001;4
gêne;tassast;0.001;4
habile;amddnki / amfulls / caṭṛ;0.001;4
habilitation à la recherche;aẓḍaṛ i urzzu;0.001;4
habit;aḥruy / timlsit;0.001;4
habits;aṛṛuḍ;0.001;4
hache;acaqur;0.001;4
hacher;qsses;0.001;4
haie;afrag;0.001;4
haine;aksan / akyaḍ / amyacaḍ;0.001;4
hall d’expositions;asarag n usfsr;0.001;4
hameau;ifɣl;0.001;4
hanche;agums / agrru / acṭṭaṛ;0.001;4
handball;tacamma n ufus / tawjja n ufus;0.001;4
handicap permanent;aɛḍubu amɣlal / ammuɛḍṛ n wabda;0.001;4
harcèlement;ukus n tibar;0.001;4
hargne;aqnẓṛ;0.001;4
hausse des températures;uluy n trɣi;0.001;5
haut;agnar / aflla / amajjyal / amattay / anaflla;0.001;5
haut plateau;taẓuḍa tanafllat;0.001;5
haut-parleur;amuffay n imsli;0.001;5
haute cour;tasnbḍayt tamattayt;0.001;5
hautes montagnes;idurar attuynin;0.001;5
hauteur de l'eau;;0.001;5
hauteur de précipitation;;0.001;5
haïk;afaggu / aḥayk;0.001;5
haïr;ksn / nkr;0.001;5
hennir;nhm / nḥiḥḍ / snḥiḥḥr / snḥnḥ;0.001;5
henné;amitr / anlla / lḥnni;0.001;5
hernie;abɛij / imlẓi / tabɛɛijt;0.001;5
heure;asrag / tassaɛt;0.001;5
heure de grande écoute;akud n tmsliwt s tugt;0.001;5
hiatus;amagr n iɣritn;0.001;5
hibou;tawukt / tawwugt;0.001;5
hier;assnnaṭ / iḍgam / iḍlli / iḍnnaṭ / ndiwass;0.001;5
hiver;tagrst;0.001;5
hiérarchie administrative;taskala tamssugurt;0.001;5
honte;azwar;0.001;5
hoquet;tanxsist / tiḥiṭṭit / tiqqst;0.001;5
horizon;amnid / igli / inniy / inniy n tiṭṭ;0.001;5
horloge, pendule;tamsragt yugln;0.001;5
hors champ;bṛṛa n yigr;0.001;5
houe;ajṛṛaf / algun / amadir;0.001;5
houle;izammarn;0.001;5
houppe;actu / takunbut / takʷbalt / taɛyyact / taskunt / tawtat;0.001;5
hoyau;tacṛṛaḍt;0.001;5
huile;azatim / zzit;0.001;5
huissier de justice;amawas anzraf;0.001;5
humain;anfgan;0.001;5
humeur;aṣniɛ;0.001;5
humide;mmɣ;0.001;5
humidité de l'air;;0.001;5
humérus;awtr / iɣss n yiɣil;0.001;5
huppe;bu izan;0.001;5
hurler;blbḍ / ɛwwg / izzif / nẓi / sɣuyy;0.001;5
hutte;aḥcuc / aɛcuc / anwal;0.001;5
hydrosphère;asatl n waman;0.001;5
hygromètre;tamsɣalt n ugundu;0.001;5
hymen;tindrt;0.001;5
hymne national;izli anamur;0.001;5
hyperglycémie;alay n tglisimt;0.001;5
hyperglycémie;alay n tglisimt;0.001;5
hypermétropie;tiɣzi n iẓṛi;0.001;5
hypertension;;0.001;5
hypertrophie cardiaque;abzag n wul / tufft n wul;0.001;5
hypoglycémie;uguz n tglisimt;0.001;5
hypotension;aṭanṣyu iggʷzn;0.001;5
hâte;addraf / aqllq / asddrf;0.001;5
hémiplégie;akucm uzgin;0.001;5
hémodialyse;adyaliz / asizdg n idammn;0.001;5
hémoptysie;iraran n idammn;0.001;5
hémorragie artérielle;asriddm aẓuṛan;0.001;5
hémorragie cérébrale;asriddm allxfan;0.001;5
hémorragie veineuse;asriddm n wamig;0.001;5
héméralopie (cécité nocturne);abukḍ n yiḍ / butllis / tudrɣlt n yiḍ;0.001;5
hépatite;afduddr n tasa;0.001;5
héritier du trône;amkkasu n tgldit;0.001;5
héros;abḥli / anaḍ / anbraz;0.001;5
hôpital de jour;asgnaf n wass;0.001;5
hôte;amagar / anbgi / anuji / tinbgiwt;0.001;5
ici;da / daha / ida / ɣi;0.001;5
identité visuelle;tamagit n iẓṛi;0.001;5
idiot;abkbuk / abhlal / abuhali / aqffuḥ / aqilul / amknun / dduqqr / ḥḥuyḍ / ḥuyḍ;0.001;5
idiotie;aflls / tabuhalit;0.001;5
idée;tawngimt;0.001;5
ignoble;ahrdun / iriz;0.001;5
ignorant;aqbbani / aqubban / amguf / amnzuɣ / war tussna;0.001;5
il a  soif;inɣa t fad;0.001;5
il a acheté les vêtements pour sa fille;;0.001;5
il a des coliques;inɣa t uẓbbaṛ;0.001;5
il a donné la paille à la vache;ifka alim i tfunast;0.001;5
il a faim;inɣa t laẓ;0.001;5
il a finalement trouvé ce qu'il cherchait;;0.001;5
il a lu ce livre;iɣra adlis a;0.001;5
il a lu le livre que tu lui as donné;iɣra adlis lli as tfkid;0.001;5
il a écrit la lettre à la main;yuri tabrat s ufus;0.001;5
il est allé à la maison;idda s taddart;0.001;5
il est fou;digs butabr;0.001;5
il est malade;inɣa t kra;0.001;5
il fait froid ces jours-ci;;0.001;5
il regrette;tuɣi tt tgṛẓawt;0.001;5
il t'insulte et tu t'es tu !;;0.001;5
il voyagera en été;rad immuddu g unbdu;0.001;5
il y avait, il était une fois;ikka tt inn;0.001;5
il étudie encore;ar sul yaqqra;0.001;5
illustrations musicales;anawn n uẓawan;0.001;5
image;tawlaft;0.001;5
imagerie par résonance magnétique (IRM);asulf s ungng amɣnaṭiṣ;0.001;5
images de synthèse;tiwlafin tusniyin;0.001;5
images en mouvement;tiwlafin ttmussunin;0.001;5
imberbe;almmag / alumaẓ;0.001;5
imbiber;zzbzg;0.001;5
immense;anallam;0.001;5
immonde;amuṛḍuṣ;0.001;5
immoral;war taɣara;0.001;5
immunité collective;taggaẓt tamgrut;0.001;5
immunité diplomatique;taggaẓt tadiblumasit;0.001;5
immunité parlementaire;taggaẓt tabṛlamanit;0.001;5
immunodéprimé;amudrus n taggaẓt / amudrus n tiqqilt;0.001;5
impact;tusurt;0.001;5
impair;waxiḍ / waẓẓ;0.001;5
impayé;ur ifrin;0.001;5
impoli;aɛffan;0.001;5
impôt;argay / tafṛiḍt / tayusi;0.001;5
inciter;ng / nzl / ucuc / yis;0.001;5
inclure;ssumu;0.001;5
index;uskin;0.001;5
indice;anmmal;0.001;5
infecte;anxmuj;0.001;5
infirme;rzm;0.001;5
infixe;amẓun;0.001;5
inion;tamlmut;0.001;5
initial;asntay;0.001;5
injure;tukkra;0.001;5
injuste;amrkkʷid;0.001;5
innover;snflul;0.001;5
inquiet;ḥyyṛ;0.001;5
insecte;abaxxu / abbuɛ / abɛɛuc / abxxuy / akindu;0.001;5
insulte;azawr / tamzawart / targgimt / tukkra;0.001;5
interne;agʷnsan;0.001;5
intuber;ssldu;0.001;5
inutile;abḍil;0.001;5
inviter;ɛṛḍ / ɣr / snbgi;0.001;5
invité;aqbil / amagar / anbgi / anuji;0.001;5
ire;asyas;0.001;5
iris;mmikʷlan / talillut;0.001;5
ironie;aṭnaẓ / taṭnẓit;0.001;5
irriter;ɣdded / skufr / sqllq / sskfṛ;0.001;5
isoler;ẓli;0.001;5
issue;tufɣt;0.001;5
ivette;tamulla / tufṭṭlba;0.001;5
jabot;aglu / aḥaglu / asgru / taqinsat;0.001;5
jadis;tizwira / zik;0.001;5
jardin d'enfants;;0.001;5
jarre;axsal / aqbuc / aqllal / aqlluḥ / aɣssal / acbari / taxabit / taqduḥt;0.001;5
jatte;aḥllab / taqnuct;0.001;5
jaune;awraɣ;0.001;5
je sais qu'il pleut;;0.001;5
jeter;bru / gr / luḥ / nḍb / nḍṛ / uswi / rdx / sbzzɛ / syyb / zli / ẓawḍ / ẓṛṛḍ / ẓẓṛyḍ;0.001;5
jeu;axmmṛ / urar;0.001;5
jeu de cartes;tasurart n tkaṛḍa;0.001;5
jeu de domino;tasurart n ukrbabbay;0.001;5
jeudi;akwas;0.001;5
joie;amiri / asmuzzu / tadawit / taraka / tumrt;0.001;5
joint;asmsl;0.001;5
jonc;abuda / asllbu / azlaf / aẓmu / aẓẓmay;0.001;5
joue;aglluẓ / agrbij  / amadl / amgiz / anbuz / anbuẓ / anji / taggayt;0.001;5
jouer;hḍṛ / ɛyaṛ / xmmr / xmmṛ / irar / laha / urar;0.001;5
jouet;taqcuct / tasurart;0.001;5
joufflu;albbux / bu imgizn;0.001;5
joug;aḥallas / azzaglu / tazglut;0.001;5
jour de l'an;;0.001;5
juge;anbḍu;0.001;5
juge d'instruction;;0.001;5
juger;bḍu;0.001;5
juif;uday;0.001;5
juin;yunyu;0.001;5
jupe;abrsur / tasafa;0.001;5
jurisconsulte;amuzay n tzrft;0.001;5
juste;bḥṛa;0.001;5
justice administrative;tazrft tamssugurt;0.001;5
justice sociale;tazrft tanamunt;0.001;5
justification à droite;asmisi ɣr ufasi;0.001;5
justification à gauche;asmisi ɣr uẓlmaḍ;0.001;6
karaté;kaṛaṭi;0.001;6
khella;tabcniqt;0.001;6
khettara;tarɣt;0.001;6
kilogramme;akilu;0.001;6
kimono;akimunu;0.001;6
kinésithérapie;altaf amsnijji;0.001;6
kyste;takurt / takccult;0.001;6
l'exécution des jugements;;0.001;6
la maison où il habitera est grande;tmqqur taddart mani ɣa izdɣ;0.001;6
"la neige a cessé ; il ne neige plus.";yusi udfl;0.001;6
la neige a fondu;ifsi udfl;0.001;6
label;tamatart tasɣnzit;0.001;6
label de qualité;tamatart n tɣara;0.001;6
laboratoire;asarm / asarm n usfsi;0.001;6
lac;aglmam / agʷlmim / talact;0.001;6
lac glaciaire;aglmam ugris;0.001;6
lac litorale;aglmam anftas;0.001;6
lac tectonique;aglmam ataktun;0.001;6
lacet;axattar;0.001;6
laid;axccan / amlluxcu / amnnuɣju / anssaraf;0.001;6
lait frais;aɣi acffay / aɣɣu icfin;0.001;6
lama;alama;0.001;6
lame;asari / taxdmit / tazzit / tizzt;0.001;6
lampe;anir / asfiw / asil / tasafut;0.001;6
lance;aḥric / ididl / tafala / taqnawt;0.001;6
langue officielle;tutlayt tamaddudt;0.001;6
laquelle ?;man ta;0.001;6
larme;amṭṭa / imṭṭi;0.001;6
las;amuḥul / anṛmuy;0.001;6
latitude;azrig n turrut;0.001;6
latte;adrsis;0.001;6
lave-linge;tamssirdt n tmlsa;0.001;6
lave-vaisselle;tamssirdt n ifckan;0.001;6
le;t;0.001;6
lentement;s ttawil;0.001;6
lentille de caméra;tiṭṭ n lkamiṛa;0.001;6
lentille de contact;tilintit tusliɣt;0.001;6
lequel ?;man wa;0.001;6
les cinq sens;takayin s smmust;0.001;6
leur;nnsn / nnsnt;0.001;6
levé;anamtan / umtin;0.001;6
libre;adrfi / amcix / sula;0.001;6
licol;atrku / aṭṛku / taglult / tawrit;0.001;6
lie;abrtix;0.001;6
lien;akarif / askrf / asqqn / asɣun / azday / taɣuni / tiɣuni / tuqqna;0.001;6
lier;zdi;0.001;6
lieu;adɣar / amkan / amml / ansa / araq;0.001;6
lime;talima;0.001;6
limon;abaḍxax;0.001;6
lion;agrzam / ayrad / buhrru / izm;0.001;6
lire;ɣr;0.001;6
liste;asddi / talgamt;0.001;6
lit;alktu / alitu / tasyut / tisi;0.001;6
local;abldi / adɣran;0.001;6
loi;izrf;0.001;6
long;ahrradi  / aɣzzaf / azgrar / uɣzif / zgrt;0.001;6
lot;amur / taysɣart;0.001;6
louer;alɣ / kra / kru / cnnɛ;0.001;6
loup;asɣda;0.001;6
lueur;axdad / tafuffut;0.001;6
lui;ntta;0.001;6
luth;ardin;0.001;6
lutte;abubbar / amlasay / amyabbar / anhittf / imiɣ (ak)d ... / tabubbart / tamaẓla / tamlasayt;0.001;6
lynx;amucc abṛṛan / arksim / awdal / tisggḍt;0.001;6
là-bas!;dinn  / ɣinn;0.001;6
légalement;s tɣarast tulgint;0.001;6
légalisation de signature;asɣzn n usgmḍ;0.001;6
légitime défense;amzaɣ ulgin;0.001;6
légumes-feuilles;icakan id bu wawsay;0.001;6
légumes-fleurs;icakan id bu tnwwacin;0.001;6
légumes-racines;icakan id bu iẓuṛan;0.001;6
légumes-tiges;icakan id bu iṣnṣan;0.001;6
légumineuses;icakan id bu waqqayn;0.001;6
ma;inu;0.001;6
magistrat, procureur;amari amatay;0.001;6
magnétoscope;amsusr n twlafin;0.001;6
maillot de bain;timlsit n ucucf;0.001;6
mainlevée;afsay n tdggart;0.001;6
maire;anssixf n tgrawt;0.001;6
mais;imma / mac / walaynni / axllad / amzgur / asngar;0.001;6
maison de l'artisan;;0.001;6
majeur;aḍaḍ amqran / amtrug;0.001;6
mal;amalad / takmmawt;0.001;6
mal de tête;arjaf / iɣnca n yixf;0.001;6
mal des transports;timlillay n wassayn;0.001;6
malade mental;amaḍun ungim;0.001;6
maladie auto-immune;tamaḍunt n tmaggaẓt tanimant;0.001;6
maladie contagieuse (transmissible);tamaḍunt ittmattayn;0.001;6
maladie héréditaire;tamaḍunt ittukkusn;0.001;6
maladie incurable;taḥlalast / tamaḍunt ur ittgnfan / tamaḍunt ur ittjjin;0.001;6
maladie psychique;;0.001;6
maladie vénérienne;tamaḍunt tarisant;0.001;6
maladies cardiovasculaires.;tamaḍunt n wul d iẓuṛan;0.001;6
malin;aqttun / amcum / uẓwiṛ;0.001;6
malnutrition sous-alimentation;gar utci;0.001;6
maltraitance des enfants;amrrt n imẓẓyann;0.001;6
maman;imma / immi;0.001;6
manteau neigeux;aɣamus n udfl;0.001;6
marcher à reculons;ugur ɣr tkrmin;0.001;6
marché public;tamsmhalt tagdudant;0.001;6
mardi;asinas;0.001;6
mare;amglagal;0.001;6
mari;argaz;0.001;6
marine marchande;tasɣnzit taylant;0.001;6
marque déposée;tamatart ittuzmmamn;0.001;6
mars;maṛṣ;0.001;6
marée basse;tayssa n yill;0.001;6
marée haute;ifil / tawant n yill;0.001;6
masque chirurgical;takmamt tanflayt;0.001;6
masse;aqlluz / tasakayt / tazduzt;0.001;6
masse d'air;;0.001;6
maternité;tammat / ṣṣbiṭaṛ n tarwa;0.001;6
matière contaminée;imis n umsiɣi;0.001;6
mauvais dîner vaut mieux que mauvais propos;yuf gar imnsi gar awal;0.001;6
mauvaise foi;gar taflst;0.001;6
maïs;imma / mac / walaynni / axllad / amzgur / asngar;0.001;6
me;iyi;0.001;6
menteur;ablɛuḍ / bu iḥllaln / bu ixrriqn / bu icttiḥn / bu tkrkas;0.001;6
menu;talgamt;0.001;6
merci;tanmmirt;0.001;6
merle;ajagju / ajḥmum / amjjku / asqsaq / atcḥmuḍ / tabuybaxt;0.001;6
mes;inu;0.001;6
mets;macca;0.001;6
miche;tunnirt;0.001;6
miel;tammemt;0.001;6
milan;asiwan / aswwan;0.001;6
mille;alf / ifḍ;0.001;6
mince;amɛlal / amudrus / aslkakaḍ / azbabay / azdad / imisdid / usdid;0.001;6
mine;azlam / udm / tagʷlimt / ticci;0.001;6
mite;imcci / takinda / tazura / tunya / mrumd;0.001;6
mité;imcci / takinda / tazura / tunya / mrumd;0.001;6
moi;nkk / nkki;0.001;6
moine;aṛhib;0.001;6
mois;ayyur;0.001;6
mon;inu;0.001;6
mont;aɛrmum / isk;0.001;6
monte;tanaka / tasudut;0.001;6
mors;aṭṛku / ṣṣṛimt;0.001;6
mort;amttin / tamttant;0.001;6
morve;axlul / axnnir / aqnnin;0.001;6
mot;taguri;0.001;6
moto;tasnsɣalt;0.001;6
mou;aḥruray / amlwaɣ / bullɛ;0.001;6
moule;tigri;0.001;6
mucus;insirn;0.001;6
mue;aslsu / asray / isnsr;0.001;6
muet;abkkuc / agnaw / aɛnẓul / alawlaw / azaynun / aẓiẓun / iglili;0.001;6
mufle;agntur / agcmir / ancr / acndur / acrdud;0.001;6
mugir;rmrm / smuhrt / sungu / zungi;0.001;6
mur;agadir / aɣrab / imiri / tabya / nwu;0.001;6
mâchoire inférieure;agja n izdar  / amayɣu / angug / tirmst;0.001;6
mâchoire supérieure;agja n uflla;0.001;6
mâle;awtm;0.001;6
méandre de la rivière;tiṛẓi n wasif;0.001;6
médecine générale;tasnijjit tamatayt;0.001;6
médecine interne;tasnijjit tagʷnsant;0.001;6
médecine légale;tasnijjit tulgint;0.001;6
médecine préventive;tasnijjit tamarayt;0.001;6
médire;msffad  / nqj / zdm dg;0.001;6
mémoire auditive;tawngimt timslit;0.001;6
ménopause;ibddi n islilan;0.001;6
même;aggʷd / agʷd / awd / ula;0.001;6
mûr;agadir / aɣrab / imiri / tabya / nwu;0.001;6
nage;acucf;0.001;6
nager;ftḥ / ccf;0.001;6
nain;axmuc;0.001;7
nanti;anbɣur;0.001;7
nasal;unzir;0.001;7
natte;agrtil / aqicc / ajṭṭuy / acḥuḥ / mcc / taḍṛṣt;0.001;7
navet;tagllat / tarkkimt / tirkmt;0.001;7
naviguer sur le Net;ssara / ssara g lwib;0.001;7
naïf;abujadi / abɣɣu / amhul / aminun;0.001;7
ne jamais;ur djin;0.001;7
ne jamais (dans le passé);ur jju;0.001;7
nerf moteur;azllum ansmassu;0.001;7
nerf moteur oculaire;azllum ansmassu n tiṭṭ;0.001;7
nerf optique;azllum imẓṛi;0.001;7
nerfs crâniens;izllumn n tɣcact;0.001;7
net;amsari / amzdag / uzdig;0.001;7
neuf;tẓa;0.001;7
neurologie;tasnijjit n izllumn;0.001;7
neurologue;aḍbib n izllumn;0.001;7
neurone;taɣrast tanzlumt;0.001;7
neuvième;wis tẓa;0.001;7
niais;abahnas / amhul / amɣndf;0.001;7
nid;agḍf  / agʷdf / agʷlf / adif / akʷtf / isski / usud;0.001;7
nier;nakṛ;0.001;7
nivation;tazuzzft s udfl;0.001;7
nivomètre;tamsɣalt n udfl;0.001;7
nodal;amkrus;0.001;7
noir;abxxan / abrkan / abṛṛan / asggan / iḍili / uḍlay / ungal;0.001;7
noisette de beurre;aḍaḍ n tlussi;0.001;7
noix;taddujt / dduj / taɣyayt;0.001;7
nom;assaɣ / ism;0.001;7
nom commercial;ism asɣnzi;0.001;7
nom d'action;;0.001;7
nom de famille;assaɣ awjan / ḍfṛism / ism awjan / ism n twacunt / ism n twja;0.001;7
nom de lieu;ism n udɣar;0.001;7
nom d’agent;ism n umskar;0.001;7
nom d’instrument;ism n wallal;0.001;7
nom et prénom;assaɣ anmdu / ism  anmdu;0.001;7
nom propre;ism iẓlin;0.001;7
non;lawah / uhu / wahi;0.001;7
non acquis;arumɛin / ur ittumɛinn;0.001;7
non autorisé;ur ittusrag;0.001;7
non emphatique;war tuffayt;0.001;7
nord;agafay / afuy / iẓẓlmḍ;0.001;7
nord-est;iẓẓlmḍ igan lqblt;0.001;7
nord-ouest;iẓẓlmḍ igan tagut;0.001;7
norme;alugn / asbdad;0.001;7
normes juridiques;ilugnn izrfann;0.001;7
note;tunniḍt / tusmirt;0.001;7
notre;nnɣ / nnɣnt;0.001;7
nouer;ass / krs;0.001;7
nouer un foulard sur la tête;qqn taknbuct;0.001;7
nous;nkkni;0.001;7
nouvelle;anɣmis / tanqqist tugzilt;0.001;7
nouvelle (genre littéraire);tanqqist taquḍaḍt;0.001;7
nouvelle lune;talalit n wayyur;0.001;7
noyau;aɛqqa / aɣrmi / aɣyay / ul / taɣyayt / tuẓmt;0.001;7
nu;aḥẓẓuḍ / uzzif;0.001;7
nuage;amdlu / asgnu / askun / isignu;0.001;7
nuage aqueux;asgnu iktarn;0.001;7
nuage bas;amdlu yudrn / asgnu yudrn;0.001;7
nuage glacé;amdlu ugris / asgnu ugris;0.001;7
nuit;iḍ;0.001;7
nul;amussr;0.001;7
numériseur;asnfal amuṭṭun;0.001;7
numéro d'immatriculation;;0.001;7
nuée;akʷrbab / ahittul;0.001;7
néologie (création de mots);asnulfu n tguriwin;0.001;7
néologisme;taguri tanulfut;0.001;7
néphrologie;tasnijjit n tgẓẓal;0.001;7
néphrologue;aḍbib n tgẓẓal;0.001;7
nœud;akrus / akrris / amkris / tagʷlilt / taxriwt  / tamukrist / tukrist;0.001;7
oasis;taɣla / taẓnigt;0.001;7
objet;askkin / taɣawsa;0.001;7
observatoire météorologique;asaḍaf n unzwi;0.001;7
observatoire national;asaḍaf anamur;0.001;7
obus;taburqct;0.001;7
octroi de licences;tikki n turagin;0.001;7
odeur;aḍu / illif / tujjut;0.001;7
odontologie, dentisterie;tasnijjit n tɣmas;0.001;7
oeil;mqql;0.001;7
office des changes;asira n usnfl;0.001;7
offre;askan;0.001;7
offres d’emploi;askan n twuri;0.001;7
ogre;agṛuḍ / amẓiw / argu / aryl;0.001;7
oie;tikikla;0.001;7
olive;tazitunt / zzitun;0.001;7
ombre;amalu / asklu / tasaywalt / tili;0.001;7
ombre de la terre;tili n wakal;0.001;7
omoplate;aɣṛuḍ / iɣss n tɣṛuḍt;0.001;7
once;tuqct;0.001;7
onde;taḍḍanga;0.001;7
onde cyclonique;tamzazt tamjaggʷjt;0.001;7
ongle;axbac / accar / iskr;0.001;7
onze;yan d mraw;0.001;7
ophtalmie;kundu / tamaḍunt n tṭṭawin / tamaḍunt n walln;0.001;7
ophtalmologie;tasnijjit n tṭṭawin  / tasnijjit n walln;0.001;7
ophtalmologue, oculiste;;0.001;7
opérateur technique;amwuri atiqni;0.001;7
or;ziɣ;0.001;7
orage;tignut;0.001;7
oral;amiwan;0.001;7
ordonnance médicale;tasmlt tamsgnaft;0.001;7
ordonnateur;amsusl i uqṛaḍ;0.001;7
ordre;anaḍ;0.001;7
ordre du jour, agenda;aɣawas n twuri;0.001;7
ordre public;anmala agdudan;0.001;7
oreille externe;amzzuɣ abṛṛan;0.001;7
oreille interne;amzzuɣ agʷnsan;0.001;7
oreillette droite;tamzzuɣt tafasit;0.001;7
oreillette gauche;tamzzuɣt taẓlmaḍt;0.001;7
orge;imndi / timẓin;0.001;7
originaire de Tamasint;u tmasint;0.001;7
originaire de Taznaght;ult tznaɣt;0.001;7
orl (oto-rhino-laryngologie);tasnijjit n imjjan d tnzar d taqqayt;0.001;7
ortie;tagzint;0.001;7
os crânien;iɣss n tɣcuct;0.001;7
os frontal;iɣss n twrna / iɣss n yignzi / iɣss n yinir;0.001;7
os pelvien;iɣss n imccir;0.001;7
os temporal;iɣss n tustiɣt;0.001;7
os à moelle;bu wadif;0.001;7
osier;tismlelt;0.001;7
ostéomyélite;aṛṣuḍ n iɣsan;0.001;7
ostéoporose;akssis n iɣsan / tirci n iɣsan;0.001;7
ou;mad / mid / niɣ / nɣd / ani / mani;0.001;7
oubli;tattut;0.001;7
ouest;adaram / grw / tagut / tayyut / tiṭṭ n unẓaṛ;0.001;7
oui;ɛad / ih / wah / waha / yyih;0.001;7
ours;abubbaz;0.001;7
outil;aqcuc / imis;0.001;7
outre;agrbuz / ancnac / askmuḍ / awlk / ayddid / irwan / tagnart / tanwart / taruyt / tawlkt / tayddidt;0.001;7
ouvrage collectif;arra amgru;0.001;7
ouïe;tasla / timsliwt;0.001;7
ovale;aglalay;0.001;7
ovins;ihrtan / ulli;0.001;7
où;mad / mid / niɣ / nɣd / ani / mani;0.001;7
où ?;mandi / mani;0.001;7
page;tasna;0.001;7
paiement exigible;afrru uccil;0.001;7
palier de compétence;aswir n tsugrt;0.001;7
pan;;0.001;7
pancréatite;afduddr n ubankryas;0.001;7
panneaux d’interdiction;ifiln n ugddul;0.001;7
panneaux d’obligation;ifiln n uzuccl;0.001;7
pantalon jean;akrbay n djin;0.001;7
paon;ṭṭawṣ;0.001;7
papier toilette;alkaɣiṭ n ujmir;0.001;7
par délégation;s tgnsest;0.001;7
par-dessous;s wadday / zg ddaw;0.001;7
parasitose intestinale;;0.001;7
parc auto;asddi n tmssudutin;0.001;7
parenté légitime;amyasa azrfan;0.001;7
pari;amsaras / amsḥṛam;0.001;7
parking surveillé;asbdd s tiḍaf;0.001;7
parquet général;tamurayt tamatayt;0.001;7
part;akil / amur / taɣamt / tasɣrt / taysɣart / tirmt / tuṭṭut;0.001;7
part audiovisuelle;tirmt tisliẓiṛt;0.001;7
part d'eau d'irrigation;;0.001;7
pas;adriz / asurif / atcbiḥ / aẓmmaẓẓl / tikli;0.001;7
pas encore;ur ta;0.001;7
passage pour piétons;asaka n imikiln;0.001;7
paupière;aɛddis n tiṭṭ / aɛrur n tiṭṭ / aɣmmus n tiṭṭ / acbab / irgl;0.001;7
pavillon de l'oreille;;0.001;7
pays émergent;tamazirt ittmɣayn;0.001;7
paysage audiovisuel;amuɣli asliẓiṛ;0.001;7
penalty;tiyti tanfgurt;0.001;7
pension alimentaire (femme divorcée);tawsudrt n wuluf;0.001;7
pension militaire;tawsudrt tasrdast;0.001;7
pensions civiles;tawsudrt tuɣrimt;0.001;8
pente abrupte;aḥduddr / tasawnt ibddn;0.001;8
pente longitudinale;agusr uɣzif;0.001;8
pente transversale;tagsart talgdist;0.001;8
permis de conduire;turagt n undah;0.001;8
permis de construire, permis de bâtir;turagt n tuṣka;0.001;8
personne;aggʷd yukk / agʷd yiwn / ula d ijj;0.001;8
personne hospitalisée;amgun g usgnaf;0.001;8
pet;akffif / akucci / akuẓẓi / uṛḍ / tuṛṛiḍt;0.001;8
peu;abll / awzwiz / drus / imikk / imiq / imil / cuct / cway / cwayt;0.001;8
peur;tawda / tikṣṣaḍ / tiwdi / tuggda;0.001;8
pic;axcac / aqcac / acnqur / ixf;0.001;8
pie;aɣusas / tibiqct;0.001;8
pieu;ajij / azrzu / tagust;0.001;8
pin;tayda;0.001;8
pion;agʷntr / asba;0.001;8
pipe;ajɛbub;0.001;8
pis;tiẓi;0.001;8
plan;aɣawas;0.001;8
plat;abaṣaḍ / aḍbṣil / aflwaḍ / almid / amḍli / amnnirs / giddi / tabagit / taẓuḍa;0.001;8
pli;aḍffuṣ / anuḍu / iniḍi;0.001;8
poil;anẓaḍ / anẓḍ / qzzr / inẓiḍ / izbl;0.001;8
poli;abaṣaḍ / ḥluṛḍ;0.001;8
port;aftas / aksay / asatti;0.001;8
pot;aqlluc / aɣrraf / tagddut / taqnuct / taɣrɣizt;0.001;8
pou;taxxuyt / tilkit / ticcit;0.001;8
pour;i / uḥma;0.001;8
puce;aggurdi / akurdu;0.001;8
puer;buḥ / xnnen / jju / ṛṣuḍ / zamma / zzummu / zzunzḥ;0.001;8
pur;aḥuṛṛi / amsari / amzdag / aṛṣli / azddag / izdig / ɣus;0.001;8
pus;aluɛi / aṛṣḍ / tinist;0.001;8
pédagogie de l’erreur;tabidagujit n tzglt;0.001;8
pédagogie de l’intégration;tabidagujit n usidf;0.001;8
pédagogie différenciée;tabidagujit tanbḍayt;0.001;8
pédiatre;aḍbib n imẓẓyann;0.001;8
pédiatrie;tasnijjit n imẓẓyann;0.001;8
péricarde (membrane enveloppant le cœur);asatl n wul;0.001;8
période de stérilisation;tizi n tsggrt;0.001;8
période géologique, ère géologique;azmz ajyuluji;0.001;8
période électorale;azmz n ustay;0.001;8
pêche maritime;tagmrt taylant;0.001;8
qu'est ce que c'est que ce travail?;;0.001;8
qu'est ce que c'est que ça?;;0.001;8
quai;asali;0.001;8
qualifier;sɣrt;0.001;8
qualifié;amɣrat;0.001;8
qualité;aɣudu / taɣara;0.001;8
quand;adday / axmi / iɣ / laqmi / llig / mikk / smi;0.001;8
quand ?;managʷ / milmi / mlmi;0.001;8
quant à;imma;0.001;8
quantité;tasmkta;0.001;8
quartier;tacuffiḍt / tuddurt;0.001;8
quatre;kkuẓ;0.001;8
que;ay / is / lli / nna / nni;0.001;8
quel;man / matta;0.001;8
quelle;matta;0.001;8
quelle ?;man;0.001;8
quels;matta;0.001;8
querelle;amcubbk / imillu / imradn / tiẓit;0.001;8
quereller;kyḍ;0.001;8
question;tamslayt;0.001;8
queue;abanna / abḥrur / abṛḍuḍ / aɛnnab / ajḥrar / ajlal  / anafr / anwwaṛ / acggʷaḍ / acṭṭab / acwad / acwwaḍ / azafal / tacɣḍabt / tacṭṭabt / taẓnḍiḍt / timɣilt;0.001;8
qui;ay / lli;0.001;8
qui ?;wi;0.001;8
qui a la mâchoire tordue;ufriɣ n uɣẓẓaẓ / ufriɣ n wagja;0.001;8
qui rate;amssuki;0.001;8
qui suit;uḍfiṛ;0.001;8
qui);tnna;0.001;8
quintal;aqnḍaṛ;0.001;8
quinzaine;azgnyur;0.001;8
quitter;zri;0.001;8
quiétude;takuni;0.001;8
quoi ?;mi / min;0.001;8
quorum;tagumt;0.001;8
quotidien;akuyass;0.001;8
racine (de la dent);aẓuṛ n tɣmst;0.001;8
racisme;asnuḥyu aẓuṛan / tassaẓuṛt;0.001;8
radiation solaire;aẓnẓṛ n tafukt;0.001;8
radiographie;asulf s uẓnẓṛ;0.001;8
radiologue;aḍbib n uzzray s uẓnẓṛ;0.001;8
radioprotection;aray zg iẓnẓaṛn;0.001;8
radioscopie, examen radiologique;azzray s uẓnẓṛ;0.001;8
radiothérapie;asasfr s uẓnẓṛ / asmkl s uẓnẓṛ;0.001;8
rage;amuzzr / acnglil;0.001;8
rame;aqddac / amqdaf / taglut;0.001;8
rang;adaru / adur;0.001;8
raquette de cactus;afadar / afadas / aḥkuk n uknari / angul / aɣṛuḍ;0.001;8
raser;grrj / sllḥ;0.001;8
rat;aɣrda;0.001;8
rater;guf / fllt / ssakʷi / ssiki / zgl;0.001;8
ravin;aɣzr / iɣzr / izzil / taslya;0.001;8
ravin en surface;aɣzr ur iɣbin;0.001;8
ravin large;aɣzr amiriw;0.001;8
ravin profond;aɣzr iɣban;0.001;8
ravin/ valée de largeur moyenne;;0.001;8
rayer;kṛṛj;0.001;8
rayon de miel;agal / imcḍ / iɣli / taknift n tammemt / taydlt;0.001;8
rayon, gâteau de miel;aẓṭṭa n tammemt;0.001;8
recherche scientifique;arzzu amassan / asiggl amassan;0.001;8
reconduction tacite;asmaynu amɣrrd;0.001;8
reconnaissance vocale;tukza tagṛḍant;0.001;8
reconstitution;allas n usnay;0.001;8
recours;tiyti g;0.001;8
redoublement (scolaire);alas anmlan;0.001;8
refus;aguma / aɛkks / igiy / tagit / tagʷit;0.001;8
reg;ṛṛgg;0.001;8
rejet;itm / tagit;0.001;8
rejeter;gr s / kṛṛf;0.001;8
relance économique;tankra s tdamsa;0.001;8
relevé de compte;tanmmalt n umiḍan;0.001;8
reliefs accidentés;irkazn ṛẓanin;0.001;8
reliefs continentaux;irkazn  imnẓawn;0.001;8
reliefs côtiers;irkazn n taɣart;0.001;8
reliefs marins;irkazn  aylann;0.001;8
reliefs montagneux;irkazn n idurar;0.001;8
reliefs plissés;irkazn iḍfṣn;0.001;8
reliefs sous-marins;irkazn ddu waman;0.001;8
reliefs volcaniques;irkazn iburkann;0.001;8
renouvellement de détachement;asmaynu n unufsl;0.001;8
repas;macca / utci / tirmt;0.001;8
repli cutané;aḍffus n yilm / iniḍi n yilm;0.001;8
repos;asgunfu / aswunfu;0.001;8
rhume;adxcam / axamuc / azgu / ddmɛun / tamslaɣt;0.001;8
riche;anbɣur / ansbaɣur;0.001;8
ricin;angarf / awririt;0.001;8
ride;akrrac / takmummct / acblq;0.001;8
ridé;akrrac / takmummct / acblq;0.001;8
rien;aggʷd imiq / aggʷd imil / walu;0.001;8
rime;tamɣrut;0.001;8
rire;ḍṣṣa / taḍṣa;0.001;8
rival;imɛidi;0.001;8
rive;agddim / agmmaḍ / ayddin / iswl / taslimt;0.001;8
rixe;amɛuccb;0.001;8
robe;takbrt / tarswayt;0.001;8
roche;aqyyuḥ / aẓṛu / tingmit;0.001;8
roi;agllid;0.001;8
roman;ungal;0.001;8
ronce;aflas / axccab / asnnan / ticclt;0.001;8
rot;agrriɛ / alẓa;0.001;8
roue;ackrir / tasɣalt;0.001;8
roux;imzwɣ;0.001;8
royal;agldan;0.001;8
ruade;tasfaqqart / tiqqrt / tiɣri;0.001;8
ruban;tasfift;0.001;8
ruche;azɣnzwur;0.001;8
rude;aḥrcaw;0.001;8
ruer;ḥnḍẓ / sfuqqr / sfuṛḍ / sfuẓẓḍ;0.001;8
rueur;asfaṛaḍ;0.001;8
rugir;ngu;0.001;8
rural;afaran;0.001;8
ruse;aqddc / aɣraz / tamunnḍt / tamusnyt / aqttun / amcum;0.001;8
rusé;aqddc / aɣraz / tamunnḍt / tamusnyt / aqttun / amcum;0.001;8
ruée;aḥnḍẓ / ḥmmzwir / tasarayt;0.001;8
râle;azrklla;0.001;8
règlement intérieur;aslgn agʷnsan;0.001;8
récession économique;aglugl admsan;0.001;8
rédacteur en chef;anssixf n tirra;0.001;8
références bibliographiques;isugam ibiblugrafiyn;0.001;8
régionalisation avancée;tanmnaḍt tamiriwt;0.001;8
régression marine;timdffrt  taylant;0.001;8
réguler la circulation;smsasa asikl;0.001;8
réhabilitation;asaɣul n tizi;0.001;8
réinsertion;alas n uskcm;0.001;8
rêve;tarjit / tawargit;0.001;8
rôle;tilalt;0.001;8
s'absenter;;0.001;8
s'accroupir;;0.001;9
sa;ins / nns;0.001;9
sa majesté;bab n waddur;0.001;9
sac;ackaṛ / iznbi / tixinct;0.001;9
saignement;angay s idammn;0.001;9
saisir une occasion, saisir une opportunité;ut tamlda;0.001;9
saison des pluies;imir n unẓaṛ;0.001;9
saison sèche;imir izwan;0.001;9
sale;amrku / amwddk / ɛfn / imrki / ɣuffn / amaraɣ;0.001;9
sali;kṛfṣ;0.001;9
salle couverte;tadala iɣmsn;0.001;9
salle d'attente;;0.001;9
salle de conférence;tadala n tinawt;0.001;9
salle de réunion;tadala n tsmuni;0.001;9
salle de soins;tadala n usasfr;0.001;9
salle équipée;tadala ittumawan;0.001;9
sans;bla / war;0.001;9
sans avis;bla aɛlam;0.001;9
sans issue;;0.001;9
sans matière grasse;war anddad;0.001;9
sans préjudice;bla amalad;0.001;9
santé publique;tadusi tagdudant;0.001;9
saturation du système de santé;amṛṛaḍ n ungraw n tdusi;0.001;9
sauf;amr / slid;0.001;9
saut;anḍaw / iky / tabaṭct / tanḍwa / tissnḍwt;0.001;9
savetier;aḍṛṛaf / axrraz / bu tsila;0.001;9
scie;anbray;0.001;9
sciences humaines;timassanin tinfganin;0.001;9
sciences naturelles;timassanin tigamanin;0.001;9
sciences politiques;timassanin tisrtayin;0.001;9
sciences sociales;timassanin tinamunin;0.001;9
sciences économiques;timassanin tidmsanin;0.001;9
sclérotique (blanc de l'œil);;0.001;9
scoliose;tifrɣi n iẓḍi n uɛrur / tifrɣi n usnsul / tifrɣi n yiẓḍi n tadawt;0.001;9
se chausser;hrks / qqn iburksn;0.001;9
se connecter (informatique);zdi ɣr;0.001;9
se donner de la peine;ut takrrayt;0.001;9
se séparer de;ẓli (- g);0.001;9
se terminer par;smd s;0.001;9
seau;agra / aṣḍil / aṭṭaṣ;0.001;9
sec;aqurar / amazzaɣ / amqquẓbṛ / amɣẓbṛ / anqqaru  / ukrim;0.001;9
secrétaire d'état;;0.001;9
secrétaire général;anflus amatay;0.001;9
secteur privé;igr uslig;0.001;9
sel;tisnt;0.001;9
semestre;aṣḍiṣyur / azgn n usggas;0.001;9
semi-urbain;am uɣrman / zun d aɣrman;0.001;9
sept;sa;0.001;9
septième;;0.001;9
septième jour après la nuit de noces où la mariée remet sa ceinture et se coiffe comme toutes les autres femmes;ass n uḥzzam;0.001;9
ses;ins / nns;0.001;9
seul;afrdi;0.001;9
si;ɛad / mtta / wah / waha;0.001;9
silo;tasraft;0.001;9
six;ṣḍiṣ;0.001;9
soc;tamkrazt;0.001;9
soif;fad / irifi;0.001;9
soin;asbuna / asujji / ijijji;0.001;9
soir;asra / tadggʷat / tamddit;0.001;9
sol;akal / tisi;0.001;9
son;imsli / ins / nns;0.001;9
sort;ili / umml;0.001;9
sot;abuhali;0.001;9
sou;tarryalt;0.001;9
sous;adday / adu / ddaw / ddu / sadu;0.001;9
stop;agali;0.001;9
sud;iffus;0.001;9
suer;dded / ssidi;0.001;9
suie;akffus / amlluḥ / ikʷfsan / ikʷlyan / imzan / islwan;0.001;9
sur;f / xf / iggi / nnig / ɣf / snnj / tiwa / zn;0.001;9
surf;amatur;0.001;9
sèche-cheveux;amsizɣ n wazzar;0.001;9
sénat, chambre des conseillers;asqqim n imcciwaṛ;0.001;9
sérieusement;s nnit / s wul;0.001;9
ta;ink / inm / nnk / nnm;0.001;9
tableau clinique;;0.001;9
tache;abqqiḍ / anqqiḍ / ibnqḍ / iniḍi / tamskirt;0.001;9
talus;abadu / tasumta / tasunda;0.001;9
tamis;arkkut / buṣyyaṛ / cṭaṭṭu / tallunt;0.001;9
tan;tunwat;0.001;9
tant;kada;0.001;9
taon;tiggnt / ṭṭikuk;0.001;9
tas;agudi / aqrbus / aqzzuy / amalaɣ / acmin / tagudiyt / taffa / takttust / tirrit / tirrct;0.001;9
tas de paille;aqrbus n walim / ancr;0.001;9
tasse de bain;taẓwayt n tarda;0.001;9
taux;asɣl / tamnckt;0.001;9
taxe;argay;0.001;9
teigne;ajjiḍ / ajjiḍ amsruy / ujuḍ / tuqccrt;0.001;9
teint;inɣmi / ticci;0.001;9
tempe;adlil / aluɣluɣ / amṭṭiṭu / anḍiḍ / asafẓ / azafr / ifṣl / tustiɣt;0.001;9
temps d'antenne;;0.001;9
température maximale;tirɣi tanafllat;0.001;9
température minimale;tirɣi tanaddawt;0.001;9
température moyenne;anammas n trɣi;0.001;9
tempête sur la mer;tasirt taylant;0.001;9
tempête tropicale;tignut tamnanaḍt;0.001;9
tendu;uddiz / ussid;0.001;9
tensiomètre;tamsɣalt n uṭanṣyu;0.001;9
terme;irm;0.001;9
terrasse fluviatile;azur n wasif;0.001;9
terre fertile;akal iblsn / tirs;0.001;9
tes;ink;0.001;9
test;irim / turimt;0.001;9
texte;aḍṛiṣ;0.001;9
texte intégral;aḍṛiṣ ismdn;0.001;9
thermomètre;tamsɣalt n trɣi;0.001;9
thym;azuknni / azuy / aẓwi;0.001;9
thé;atay;0.001;9
tibia;anẓlum / aztrur / taɣanimt n uḍaṛ / taɣrit n uḍaṛ;0.001;9
tiers;takṛaḍt / wiyaḍ;0.001;9
tigre;aksil;0.001;9
tirer sur;;0.001;9
tison;akmmuḍ / amamml / aṣfḍ / azzliy / tamakat;0.001;9
tissu lymphatique;tuẓḍiḍt talnfawt;0.001;9
tissu musculaire;tuẓḍiḍt tanksumt;0.001;9
tissu nerveux;tuẓḍiḍt tanzlumt;0.001;9
titre;azwl;0.001;9
toise;tamsɣalt n tiddi;0.001;9
toit;iggi;0.001;9
tomber malade;aɣ kra/ca;0.001;9
ton;ink / inm / nnk / nnm;0.001;9
toujours;abda / abda n ibidan / aha / bdda / lbda;0.001;9
tour;inḍ / tawala / tikklt;0.001;9
tour d'eau;;0.001;9
tour d'eau (le-);;0.001;9
tout;akkʷ / kraygatt / qaḥ;0.001;9
tout le monde est parti;ddan akkʷ middn;0.001;9
toux;tusut;0.001;9
trait;aṣḍḍaṛ / azrig / izriri / tafrst / tasflst / tinzi;0.001;9
traitement antipyrétique;asmkl mar tawla;0.001;9
traiter avec attention;g bɛit;0.001;9
transaction;tamhlt tasɣnzit / tamsmhalt;0.001;9
transfusion du sang;asikk n idammn;0.001;9
transitif;bu usmmud;0.001;9
transport aérien;assay amaḍu;0.001;9
transport ferroviaire;assay n wuzzal;0.001;9
transport maritime;assay aylan;0.001;9
transport routier;assay abrdan;0.001;9
transport scolaire;assay anmlan;0.001;9
traumatologie;tasnijjit n iɣsan;0.001;9
traumatologue;aḍbib n iɣsan;0.001;9
travail (douleur de la parturition);tizirit;0.001;9
tri;afran;0.001;9
trier;frn / ɣws / smmsti / sti;0.001;9
tripe;iliwi;0.001;9
troc;asmmskl;0.001;9
trop;bahra / bzzaf / kigan;0.001;9
trou;abuhu / agndur / agʷbbay / agʷḍi / axbu / aqji / almɣuz / anuqib / inqbi / icnbi / tiggit / tifikt;0.001;9
tube;ajɛbub / izli n usggʷas;0.001;9
tuer;nɣ;0.001;9
tué;iniɣi;0.001;9
type;asrtu / uggid / tasrtut / tawsit;0.001;9
tyran;amdagaz;0.001;9
tâche complexe;tamskirt tuddist;0.001;9
télé diffusion;azuzzr atlfaz;0.001;9
télé fréquence;asnagar war ifili;0.001;9
téléfilm;lfilm atlfaz;0.001;9
télémédecine;tasnijjit zg tuggugt;0.001;9
téléphone portable;ttilifun n ufus;0.001;9
téléréalité;atilifizyun n tilawt;0.001;9
télétravail;tawuri zi tuggugt;0.001;9
témoin à décharge;inigi n umzaɣ;0.001;9
tête de l'os;;0.001;9
têtu;agnagaṛ / amknas / amɣnan;0.001;9
tôle;aqjjun / aqzdir;0.001;9
tôt;zik;0.001;9
ubac;amctllu / anamr;0.001;10
ulcère;tabukkrt / tiḥbbit;0.001;10
ulcère gastrique;taḥbbuyt g uxdil;0.001;10
ultime;amggaru;0.001;10
un;ijj / yan / yukk;0.001;10
un lit);lmmṭ;0.001;10
un objet;snyyc;0.001;10
un peu;imikk / imiq / imil;0.001;10
un peu de;kra;0.001;10
un toit;ḍṛẓ;0.001;10
un état;gis;0.001;10
une;ict;0.001;10
une autre fois;mullu nniḍn;0.001;10
une fois.;mullu;0.001;10
uni;iksil;0.001;10
unicast;azuzzr amyan;0.001;10
uniforme;iksil;0.001;10
union;tamuni / tamunt;0.001;10
unique;afrdi / amyiwn;0.001;10
unité de réanimation;tanafut n usduy;0.001;10
univers;iɣzwr;0.001;10
universel;aɣzuran;0.001;10
urbain;aɣrman;0.001;10
urbanisme;aẓkaw;0.001;10
urgence;aɣawl / tuẓwayt;0.001;10
urgence sanitaire;;0.001;10
urgent;amddrfu / amɣawl;0.001;10
urine;aman n tasa / ibccicn / ibẓḍan / iggʷadn;0.001;10
uriner;bccec / bẓḍ / g aman / g iggʷadn / skr aman / ssbẓḍ;0.001;10
urticaire;aḥrbal / asfsu / tawrdayt;0.001;10
urètre;abɛnuḍ;0.001;10
urétérite;afduddr n usaru n ibccicn  / afduddr n usaru n ibẓḍan  / afduddr n usaru n iggʷadn;0.001;10
usage;asmrs;0.001;10
usager;ansmras;0.001;10
user;fna / mcc / ssmdu / ssrku;0.001;10
ustensile;abcku / aqcuc / aruku;0.001;10
usé;amqqrsu / amrcu / ḥfu / usrif / rca;0.001;10
utile;ubɣir / unfut;0.001;10
utiliser;ssmrs;0.001;10
utiliser;ssmrs;0.001;10
utilité;tanfa;0.001;10
uvule;titrmct;0.001;10
vague de chaleur;tamzazt n trɣi;0.001;10
vague de froid;;0.001;10
vaisseau sanguin;abayuɣ / amig / asddu n idammn;0.001;10
valeur de stérilisation;atig n tsggrt;0.001;10
valeur mobilière;atig amawan;0.001;10
valve cardiaque;;0.001;10
variation climatique;amyanaw n ungigt;0.001;10
variation du climat;tanfalt n ungigt;0.001;10
varice (s);amig amiriw;0.001;10
variétés;izlan ittyanawn;0.001;10
vase;abaḍxax / llatux;0.001;10
vaste;abaraw / amiriw / ulfis;0.001;10
veau;abaɛuj / agnduz / aḥjjuḍ / aɛlluc / igyyz;0.001;10
veille du nouvel an amazighe (litt. la nuit de janvier);iḍ n innayr;0.001;10
veine cave;amig yugan;0.001;10
venir (vers ici);ack d;0.001;10
venir (vers là);ack nn;0.001;10
vent;aḍu / azwu / iḍaggʷn;0.001;10
vent chaud;aḍu irɣan / aẓuḍ;0.001;10
vent maritime;aḍu aylan;0.001;10
vent polaire;azwu amsnuḍ;0.001;10
vent tropical;azwu amnanaḍ;0.001;10
ver;akccaw / amiɣz / azrm / takcca / tawkka / tiwkkit;0.001;10
verdict;taɣtast n imgillan;0.001;10
vers;ɣr / s / siwala;0.001;10
versant;admr / amadl / angir / aɣlla / ddir n wasif;0.001;10
vert;adal / azgza;0.001;10
vertèbre cervicale;taḥngit / tigzit n tgrnina / tigzit n tḥngit / tigzit n tqnctlla;0.001;10
vertèbre coccygienne;tigzit tagʷjjmant;0.001;10
vertèbre dorsale;tigzit n uɛrur / tigzit n tadawt;0.001;10
vertèbre lombaire;tazlaft n tdawt / tigzit n tfanin;0.001;10
veto;afitu;0.001;10
vice;amalad;0.001;10
vice-président;amari n unssixf;0.001;10
vidéo projecteur;asgr n ufidyu;0.001;10
vidéoconférence;tinawt s ufidyu;0.001;10
vie privée;tudrt tusligt;0.001;10
vif;qiqn;0.001;10
vil;amazdar / amddallu / amrus / awrtiw / imddilli;0.001;10
vin;aman n waḍil / asaḍṛn;0.001;10
viol;tizbi;0.001;10
violation de droits d’auteur;tiṛẓi n izrfan n umgay;0.001;10
violation de la loi;tiṛẓi n ulugn;0.001;10
visière de protection, écran facial;acnbur n waray;0.001;10
vite;dɣya / s ufafi;0.001;10
vitesse du vent;tazzla n uzwu;0.001;10
vocabulaire, lexique sectoriel;amawal iẓlin;0.001;10
voici l'homme;;0.001;10
voie publique;abrid agdudan;0.001;10
voie respiratoire;asaka n wunfus / asaru n usunfs;0.001;10
voie urinaire;asaru n ibccicn / asaru n ibẓḍan / asaru n iggʷadn;0.001;10
vol;afay / akṛfḍ / tiɣli / tukkṛḍa / tutcut;0.001;10
volley-ball;tacamma n tratsa / tawjja n tratsa;0.001;10
vote;astay;0.001;10
vous devez lire;ixṣṣa ad taqqram;0.001;10
vrai;imidi;0.001;10
vue;araɛa / iẓṛi;0.001;10
vœu;iri / matrta;0.001;10
web;lwib;0.001;10
xénophobe;amkyaḍ  n imzzan;0.001;10
xénophobie;akyaḍ n imzzan;0.001;10
xérodermie;tizwi n yilm;0.001;10
xérophtalmie;azaɣ n tiṭṭawin  / tizwi n walln;0.001;10
xérostomie;azaɣ n yimi / taɣart n yimi;0.001;10
yeux;alln;0.001;10
you-you;asliwliw / asllalu  / taɣrit;0.001;10
zajal (genre de poésie);azajal;0.001;10
zapping (néo.);anḍaw;0.001;10
zonage;asdɣr;0.001;10
zone;adɣar / ansa;0.001;10
zone aride;adɣar yuzɣn;0.001;10
zone chaude;;0.001;10
zone climatique;adɣar angigt;0.001;10
zone de contrôle;tamnaḍt n tiḍaf;0.001;10
zone de couverture;adɣar n usaggʷ;0.001;10
zone franche;adɣar ilelli;0.001;10
zone froide;adɣar iṣmḍn;0.001;10
zone semi-aride;adɣar zun yuzɣn;0.001;10
zone sèche;adɣar iqqurn;0.001;10
zone tiède;;0.001;10
zoom;uzum;0.001;10
zèbre;amɣjud / azulil;0.001;10
zébré (animal);aẓṛaṛ;0.001;10
zéro;amya;0.001;10
Ô mon bonheur !;a aɛri a aɛri !;0.001;10
à;i / n / ɣr / s;0.001;10
à la mémoire;i yiman;0.001;10
à qui;mi mi;0.001;10
à qui ?;ma mi;0.001;10
à qui?, à qui;;0.001;10
à tout à l'heure;;0.001;10
âge;awtay / amccaybu / awssar;0.001;10
âme;buḥbl / iman;0.001;10
âne;aɣyul;0.001;10
ça;ayddx;0.001;10
écailles, squamés;tifrkit n yilm;0.001;10
échantillonnage;angraw n tussifin;0.001;10
échelle de température;taskala n trɣi;0.001;10
échelle des plans;taskala n tsulaf;0.001;10
écho;azizzi / taɣlaɣalt / tayya  / tiqlit;0.001;10
échographie;;0.001;10
échéance;azmz amggaru n tfri;0.001;10
éclairagiste;atiqni n wasidd;0.001;10
école mixte;tinml iccarn;0.001;10
école satellite;tinml tayyawt;0.001;10
écologie;tamassant n twnnaḍt;0.001;10
écosystème;angraw awnḍan;0.001;10
écoulement, ruissèlement;tazzla n waman;0.001;10
écouvillons oropharyngés;tiyṭṭumin zg tgrjumt;0.001;10
écriture en italique;tirra kʷnanin;0.001;10
église;tamẓẓalut n iṛumiyn;0.001;10
élan;aɣyaz;0.001;10
éligibilité;aziẓḍṛ i ustay;0.001;10
élu;imsti;0.001;10
émettre un avis;;0.001;10
émission de débat;asays n umsgdal;0.001;10
émission spéciale;asays iẓlin;0.001;10
épi;tazlft;0.001;10
état;addad / awank / tamackut;0.001;10
étui;tagddut / taxṛiḍt / taytrt / tiytrt;0.001;10
été;anbdu / awlan;0.001;10
île;tagzirt;0.001;10
ô (ma) mère !;;0.001;10
ôter;kks;0.001;10
